path_id,seg_id,x,y
0.0,0.0,216.77699279785156,2.1070001125335693
0.0,0.0,216.85648785215434,4.26430306771789
0.0,0.0,216.93598290645716,6.42160602290221
0.0,0.0,217.01547796075994,8.57890897808653
0.0,0.0,217.09497301506275,10.73621193327085
0.0,0.0,217.17446806936553,12.89351488845517
0.0,0.0,217.2539631236683,15.05081784363949
0.0,0.0,217.33345817797112,17.20812079882381
0.0,0.0,217.4129532322739,19.36542375400813
0.0,0.0,217.49244828657672,21.52272670919245
0.0,0.0,217.5719433408795,23.68002966437677
0.0,0.0,217.65143839518228,25.837332619561092
0.0,0.0,217.7309334494851,27.99463557474541
0.0,0.0,217.81042850378788,30.15193852992973
0.0,0.0,217.8899235580907,32.30924148511405
0.0,0.0,217.96941861239347,34.46654444029837
0.0,0.0,218.04891366669625,36.62384739548269
0.0,0.0,218.12840872099906,38.78115035066701
0.0,0.0,218.20790377530184,40.93845330585133
0.0,0.0,218.28739882960463,43.09575626103565
0.0,0.0,218.36689388390744,45.253059216219974
0.0,0.0,218.44638893821022,47.410362171404294
0.0,0.0,218.52588399251303,49.567665126588615
0.0,0.0,218.6053790468158,51.724968081772936
0.0,0.0,218.6848741011186,53.88227103695725
0.0,0.0,218.7643691554214,56.03957399214157
0.0,0.0,218.8438642097242,58.19687694732589
0.0,0.0,218.923359264027,60.35417990251021
0.0,0.0,219.00285431832978,62.51148285769453
0.0,0.0,219.08234937263256,64.66878581287885
0.0,0.0,219.16184442693537,66.82608876806317
0.0,0.0,219.24133948123816,68.9833917232475
0.0,0.0,219.32083453554097,71.14069467843181
0.0,0.0,219.40032958984375,73.29799763361613
0.0,0.0,219.47982464414653,75.45530058880045
0.0,0.0,219.55931969844934,77.61260354398478
0.0,0.0,219.63881475275213,79.7699064991691
0.0,0.0,219.71830980705494,81.92720945435342
0.0,0.0,219.79780486135772,84.08451240953774
0.0,0.0,219.8772999156605,86.24181536472206
0.0,0.0,219.9567949699633,88.39911831990638
0.0,0.0,220.0362900242661,90.5564212750907
0.0,0.0,220.1157850785689,92.71372423027502
0.0,0.0,220.1952801328717,94.87102718545934
0.0,0.0,220.27477518717447,97.02833014064366
0.0,0.0,220.35427024147728,99.18563309582798
0.0,0.0,220.43376529578006,101.3429360510123
0.0,0.0,220.51326035008287,103.50023900619662
0.0,0.0,220.59275540438566,105.65754196138093
0.0,0.0,220.67225045868844,107.81484491656525
0.0,0.0,220.75174551299125,109.97214787174957
0.0,0.0,220.83124056729403,112.12945082693389
0.0,0.0,220.9107356215968,114.28675378211821
0.0,0.0,220.99023067589962,116.44405673730253
0.0,0.0,221.0697257302024,118.60135969248685
0.0,0.0,221.14922078450522,120.75866264767117
0.0,0.0,221.228715838808,122.9159656028555
0.0,0.0,221.30821089311078,125.07326855803981
0.0,0.0,221.3877059474136,127.23057151322413
0.0,0.0,221.46720100171638,129.38787446840846
0.0,0.0,221.5466960560192,131.54517742359278
0.0,0.0,221.62619111032197,133.7024803787771
0.0,0.0,221.70568616462475,135.85978333396142
0.0,0.0,221.78518121892756,138.01708628914574
0.0,0.0,221.86467627323034,140.17438924433006
0.0,0.0,221.94417132753316,142.33169219951438
0.0,0.0,222.02366638183594,144.4889951546987
0.0,0.0,222.10316143613872,146.64629810988302
0.0,0.0,222.18265649044153,148.80360106506734
0.0,0.0,222.2621515447443,150.96090402025166
0.0,0.0,222.34164659904712,153.11820697543598
0.0,0.0,222.4211416533499,155.2755099306203
0.0,0.0,222.5006367076527,157.43281288580462
0.0,0.0,222.5801317619555,159.59011584098894
0.0,0.0,222.65962681625828,161.74741879617326
0.0,0.0,222.7391218705611,163.90472175135758
0.0,0.0,222.81861692486387,166.0620247065419
0.0,0.0,222.89811197916666,168.21932766172623
0.0,0.0,222.97760703346947,170.37663061691055
0.0,0.0,223.05710208777225,172.53393357209487
0.0,0.0,223.13659714207506,174.6912365272792
0.0,0.0,223.21609219637784,176.8485394824635
0.0,0.0,223.29558725068063,179.00584243764783
0.0,0.0,223.37508230498344,181.16314539283215
0.0,0.0,223.45457735928622,183.32044834801647
0.0,0.0,223.534072413589,185.4777513032008
0.0,0.0,223.6135674678918,187.6350542583851
0.0,0.0,223.6930625221946,189.79235721356943
0.0,0.0,223.7725575764974,191.94966016875375
0.0,0.0,223.8520526308002,194.10696312393807
0.0,0.0,223.93154768510297,196.2642660791224
0.0,0.0,224.01104273940578,198.4215690343067
0.0,0.0,224.09053779370856,200.57887198949103
0.0,0.0,224.17003284801137,202.73617494467535
0.0,0.0,224.24952790231416,204.89347789985968
0.0,0.0,224.32902295661694,207.050780855044
0.0,0.0,224.40851801091975,209.2080838102283
0.0,0.0,224.48801306522253,211.3653867654126
0.0,0.0,224.56750811952534,213.52268972059693
0.0,0.0,224.64700317382812,215.67999267578125
0.0,0.0,224.64700317382812,215.67999267578125
0.0,0.0,222.4897002186438,215.75948773008403
0.0,0.0,220.33239726345948,215.83898278438684
0.0,0.0,218.17509430827516,215.91847783868963
0.0,0.0,216.01779135309084,215.99797289299244
0.0,0.0,213.86048839790652,216.07746794729522
0.0,0.0,211.7031854427222,216.156963001598
0.0,0.0,209.54588248753788,216.2364580559008
0.0,0.0,207.38857953235356,216.3159531102036
0.0,0.0,205.23127657716924,216.3954481645064
0.0,0.0,203.07397362198492,216.4749432188092
0.0,0.0,200.9166706668006,216.55443827311197
0.0,0.0,198.75936771161628,216.63393332741478
0.0,0.0,196.60206475643196,216.71342838171756
0.0,0.0,194.44476180124764,216.79292343602037
0.0,0.0,192.28745884606332,216.87241849032316
0.0,0.0,190.130155890879,216.95191354462594
0.0,0.0,187.97285293569468,217.03140859892875
0.0,0.0,185.81554998051035,217.11090365323153
0.0,0.0,183.65824702532603,217.1903987075343
0.0,0.0,181.5009440701417,217.26989376183712
0.0,0.0,179.3436411149574,217.3493888161399
0.0,0.0,177.18633815977307,217.42888387044272
0.0,0.0,175.02903520458875,217.5083789247455
0.0,0.0,172.87173224940443,217.58787397904828
0.0,0.0,170.7144292942201,217.6673690333511
0.0,0.0,168.5571263390358,217.74686408765388
0.0,0.0,166.39982338385147,217.8263591419567
0.0,0.0,164.24252042866715,217.90585419625947
0.0,0.0,162.08521747348283,217.98534925056225
0.0,0.0,159.9279145182985,218.06484430486506
0.0,0.0,157.7706115631142,218.14433935916784
0.0,0.0,155.61330860792987,218.22383441347066
0.0,0.0,153.45600565274555,218.30332946777344
0.0,0.0,151.29870269756123,218.38282452207622
0.0,0.0,149.1413997423769,218.46231957637903
0.0,0.0,146.98409678719258,218.5418146306818
0.0,0.0,144.82679383200826,218.62130968498462
0.0,0.0,142.66949087682394,218.7008047392874
0.0,0.0,140.51218792163962,218.7802997935902
0.0,0.0,138.3548849664553,218.859794847893
0.0,0.0,136.19758201127098,218.93928990219578
0.0,0.0,134.04027905608666,219.0187849564986
0.0,0.0,131.88297610090234,219.09828001080137
0.0,0.0,129.72567314571802,219.17777506510416
0.0,0.0,127.56837019053371,219.25727011940697
0.0,0.0,125.41106723534939,219.33676517370975
0.0,0.0,123.25376428016507,219.41626022801256
0.0,0.0,121.09646132498077,219.49575528231534
0.0,0.0,118.93915836979644,219.57525033661813
0.0,0.0,116.78185541461212,219.65474539092094
0.0,0.0,114.6245524594278,219.73424044522372
0.0,0.0,112.46724950424348,219.8137354995265
0.0,0.0,110.30994654905916,219.8932305538293
0.0,0.0,108.15264359387484,219.9727256081321
0.0,0.0,105.99534063869052,220.0522206624349
0.0,0.0,103.8380376835062,220.1317157167377
0.0,0.0,101.68073472832188,220.21121077104047
0.0,0.0,99.52343177313756,220.29070582534328
0.0,0.0,97.36612881795324,220.37020087964606
0.0,0.0,95.20882586276892,220.44969593394887
0.0,0.0,93.0515229075846,220.52919098825166
0.0,0.0,90.89421995240028,220.60868604255444
0.0,0.0,88.73691699721596,220.68818109685725
0.0,0.0,86.57961404203164,220.76767615116003
0.0,0.0,84.42231108684732,220.84717120546284
0.0,0.0,82.265008131663,220.92666625976562
0.0,0.0,80.10770517647867,221.0061613140684
0.0,0.0,77.95040222129435,221.08565636837122
0.0,0.0,75.79309926611003,221.165151422674
0.0,0.0,73.63579631092571,221.2446464769768
0.0,0.0,71.47849335574139,221.3241415312796
0.0,0.0,69.32119040055707,221.40363658558238
0.0,0.0,67.16388744537275,221.4831316398852
0.0,0.0,65.00658449018843,221.56262669418797
0.0,0.0,62.84928153500411,221.64212174849078
0.0,0.0,60.69197857981979,221.72161680279356
0.0,0.0,58.53467562463547,221.80111185709634
0.0,0.0,56.37737266945115,221.88060691139916
0.0,0.0,54.22006971426683,221.96010196570194
0.0,0.0,52.06276675908251,222.03959702000475
0.0,0.0,49.905463803898186,222.11909207430753
0.0,0.0,47.748160848713866,222.1985871286103
0.0,0.0,45.590857893529545,222.27808218291312
0.0,0.0,43.433554938345225,222.3575772372159
0.0,0.0,41.276251983160904,222.4370722915187
0.0,0.0,39.11894902797658,222.5165673458215
0.0,0.0,36.96164607279226,222.59606240012428
0.0,0.0,34.80434311760794,222.6755574544271
0.0,0.0,32.64704016242362,222.75505250872988
0.0,0.0,30.4897372072393,222.83454756303266
0.0,0.0,28.33243425205498,222.91404261733547
0.0,0.0,26.17513129687066,222.99353767163825
0.0,0.0,24.01782834168634,223.07303272594106
0.0,0.0,21.86052538650202,223.15252778024384
0.0,0.0,19.7032224313177,223.23202283454663
0.0,0.0,17.545919476133406,223.31151788884944
0.0,0.0,15.388616520949085,223.39101294315222
0.0,0.0,13.231313565764765,223.47050799745503
0.0,0.0,11.074010610580444,223.5500030517578
0.0,0.0,11.074010610580444,223.5500030517578
0.0,0.0,10.994515556277651,221.3927000965735
0.0,0.0,10.915020501974857,219.23539714138917
0.0,0.0,10.835525447672063,217.07809418620485
0.0,0.0,10.75603039336927,214.92079123102053
0.0,0.0,10.676535339066476,212.7634882758362
0.0,0.0,10.597040284763683,210.6061853206519
0.0,0.0,10.51754523046089,208.44888236546757
0.0,0.0,10.438050176158097,206.29157941028325
0.0,0.0,10.358555121855302,204.13427645509893
0.0,0.0,10.279060067552509,201.9769734999146
0.0,0.0,10.199565013249716,199.8196705447303
0.0,0.0,10.120069958946921,197.66236758954597
0.0,0.0,10.040574904644128,195.50506463436164
0.0,0.0,9.961079850341335,193.34776167917732
0.0,0.0,9.88158479603854,191.190458723993
0.0,0.0,9.802089741735747,189.03315576880868
0.0,0.0,9.722594687432954,186.87585281362436
0.0,0.0,9.64309963313016,184.71854985844004
0.0,0.0,9.563604578827366,182.56124690325572
0.0,0.0,9.484109524524573,180.4039439480714
0.0,0.0,9.40461447022178,178.24664099288708
0.0,0.0,9.325119415918985,176.08933803770276
0.0,0.0,9.245624361616192,173.93203508251844
0.0,0.0,9.1661293073134,171.77473212733412
0.0,0.0,9.086634253010605,169.6174291721498
0.0,0.0,9.007139198707812,167.46012621696548
0.0,0.0,8.927644144405019,165.30282326178116
0.0,0.0,8.848149090102226,163.14552030659684
0.0,0.0,8.76865403579943,160.98821735141252
0.0,0.0,8.689158981496638,158.8309143962282
0.0,0.0,8.609663927193843,156.67361144104387
0.0,0.0,8.53016887289105,154.51630848585955
0.0,0.0,8.450673818588257,152.35900553067523
0.0,0.0,8.371178764285464,150.2017025754909
0.0,0.0,8.291683709982669,148.0443996203066
0.0,0.0,8.212188655679876,145.88709666512227
0.0,0.0,8.132693601377083,143.72979370993795
0.0,0.0,8.053198547074288,141.57249075475363
0.0,0.0,7.973703492771495,139.4151877995693
0.0,0.0,7.894208438468702,137.257884844385
0.0,0.0,7.814713384165908,135.10058188920067
0.0,0.0,7.735218329863114,132.94327893401635
0.0,0.0,7.655723275560321,130.78597597883203
0.0,0.0,7.576228221257527,128.6286730236477
0.0,0.0,7.4967331669547335,126.4713700684634
0.0,0.0,7.41723811265194,124.31406711327908
0.0,0.0,7.337743058349147,122.15676415809476
0.0,0.0,7.2582480040463535,119.99946120291045
0.0,0.0,7.17875294974356,117.84215824772613
0.0,0.0,7.099257895440767,115.68485529254181
0.0,0.0,7.019762841137973,113.52755233735749
0.0,0.0,6.940267786835179,111.37024938217317
0.0,0.0,6.860772732532386,109.21294642698885
0.0,0.0,6.781277678229592,107.05564347180453
0.0,0.0,6.701782623926798,104.89834051662021
0.0,0.0,6.622287569624005,102.74103756143589
0.0,0.0,6.542792515321211,100.58373460625157
0.0,0.0,6.463297461018418,98.42643165106725
0.0,0.0,6.383802406715624,96.26912869588293
0.0,0.0,6.30430735241283,94.1118257406986
0.0,0.0,6.224812298110037,91.95452278551429
0.0,0.0,6.145317243807243,89.79721983032996
0.0,0.0,6.06582218950445,87.63991687514564
0.0,0.0,5.986327135201656,85.48261391996132
0.0,0.0,5.906832080898862,83.325310964777
0.0,0.0,5.827337026596069,81.16800800959268
0.0,0.0,5.747841972293275,79.01070505440836
0.0,0.0,5.668346917990482,76.85340209922404
0.0,0.0,5.5888518636876885,74.69609914403972
0.0,0.0,5.509356809384895,72.5387961888554
0.0,0.0,5.429861755082102,70.38149323367108
0.0,0.0,5.350366700779308,68.22419027848676
0.0,0.0,5.270871646476515,66.06688732330244
0.0,0.0,5.191376592173721,63.90958436811812
0.0,0.0,5.111881537870927,61.7522814129338
0.0,0.0,5.032386483568134,59.59497845774948
0.0,0.0,4.95289142926534,57.437675502565156
0.0,0.0,4.873396374962546,55.280372547380836
0.0,0.0,4.793901320659753,53.123069592196515
0.0,0.0,4.714406266356959,50.965766637012194
0.0,0.0,4.634911212054166,48.808463681827874
0.0,0.0,4.555416157751372,46.65116072664355
0.0,0.0,4.475921103448578,44.49385777145923
0.0,0.0,4.396426049145785,42.33655481627491
0.0,0.0,4.316930994842991,40.17925186109059
0.0,0.0,4.237435940540198,38.02194890590627
0.0,0.0,4.157940886237404,35.86464595072195
0.0,0.0,4.07844583193461,33.70734299553763
0.0,0.0,3.9989507776318174,31.55004004035331
0.0,0.0,3.9194557233290235,29.39273708516899
0.0,0.0,3.8399606690262305,27.235434129984668
0.0,0.0,3.7604656147234365,25.078131174800347
0.0,0.0,3.6809705604206426,22.920828219616027
0.0,0.0,3.6014755061178496,20.763525264431706
0.0,0.0,3.5219804518150557,18.606222309247386
0.0,0.0,3.4424853975122627,16.448919354063094
0.0,0.0,3.3629903432094688,14.291616398878773
0.0,0.0,3.283495288906675,12.134313443694452
0.0,0.0,3.204000234603882,9.977010488510132
0.0,0.0,3.204000234603882,9.977010488510132
0.0,0.0,5.361303189788202,9.897515434207339
0.0,0.0,7.518606144972522,9.818020379904544
0.0,0.0,9.675909100156842,9.738525325601751
0.0,0.0,11.833212055341162,9.659030271298958
0.0,0.0,13.990515010525483,9.579535216996163
0.0,0.0,16.1478179657098,9.50004016269337
0.0,0.0,18.305120920894122,9.420545108390577
0.0,0.0,20.462423876078443,9.341050054087784
0.0,0.0,22.619726831262764,9.26155499978499
0.0,0.0,24.777029786447084,9.182059945482196
0.0,0.0,26.934332741631405,9.102564891179403
0.0,0.0,29.09163569681572,9.023069836876608
0.0,0.0,31.248938652000042,8.943574782573815
0.0,0.0,33.40624160718436,8.864079728271022
0.0,0.0,35.56354456236868,8.784584673968228
0.0,0.0,37.720847517553004,8.705089619665435
0.0,0.0,39.878150472737325,8.625594565362642
0.0,0.0,42.035453427921645,8.546099511059847
0.0,0.0,44.192756383105966,8.466604456757054
0.0,0.0,46.350059338290286,8.38710940245426
0.0,0.0,48.50736229347461,8.307614348151468
0.0,0.0,50.66466524865893,8.228119293848673
0.0,0.0,52.82196820384325,8.14862423954588
0.0,0.0,54.97927115902756,8.069129185243087
0.0,0.0,57.13657411421188,7.989634130940293
0.0,0.0,59.2938770693962,7.910139076637499
0.0,0.0,61.45118002458052,7.830644022334706
0.0,0.0,63.608482979764844,7.751148968031912
0.0,0.0,65.76578593494916,7.671653913729118
0.0,0.0,67.92308889013349,7.592158859426325
0.0,0.0,70.0803918453178,7.512663805123531
0.0,0.0,72.23769480050213,7.433168750820737
0.0,0.0,74.39499775568645,7.353673696517944
0.0,0.0,76.55230071087077,7.274178642215151
0.0,0.0,78.70960366605509,7.1946835879123565
0.0,0.0,80.86690662123941,7.1151885336095635
0.0,0.0,83.02420957642373,7.0356934793067705
0.0,0.0,85.18151253160805,6.956198425003977
0.0,0.0,87.33881548679237,6.876703370701183
0.0,0.0,89.49611844197669,6.79720831639839
0.0,0.0,91.65342139716101,6.717713262095596
0.0,0.0,93.81072435234533,6.638218207792802
0.0,0.0,95.96802730752965,6.558723153490009
0.0,0.0,98.12533026271397,6.479228099187215
0.0,0.0,100.2826332178983,6.399733044884421
0.0,0.0,102.43993617308261,6.320237990581628
0.0,0.0,104.59723912826693,6.240742936278835
0.0,0.0,106.75454208345124,6.161247881976041
0.0,0.0,108.91184503863556,6.081752827673247
0.0,0.0,111.06914799381988,6.002257773370454
0.0,0.0,113.2264509490042,5.92276271906766
0.0,0.0,115.38375390418852,5.843267664764866
0.0,0.0,117.54105685937284,5.763772610462073
0.0,0.0,119.69835981455716,5.684277556159279
0.0,0.0,121.85566276974149,5.604782501856485
0.0,0.0,124.0129657249258,5.525287447553692
0.0,0.0,126.17026868011013,5.4457923932508985
0.0,0.0,128.32757163529445,5.3662973389481055
0.0,0.0,130.48487459047877,5.2868022846453115
0.0,0.0,132.6421775456631,5.207307230342518
0.0,0.0,134.7994805008474,5.127812176039725
0.0,0.0,136.95678345603173,5.048317121736931
0.0,0.0,139.11408641121605,4.968822067434138
0.0,0.0,141.27138936640037,4.889327013131344
0.0,0.0,143.4286923215847,4.80983195882855
0.0,0.0,145.585995276769,4.730336904525757
0.0,0.0,147.74329823195333,4.650841850222963
0.0,0.0,149.90060118713765,4.57134679592017
0.0,0.0,152.05790414232197,4.491851741617376
0.0,0.0,154.2152070975063,4.412356687314582
0.0,0.0,156.37251005269061,4.332861633011789
0.0,0.0,158.52981300787494,4.253366578708995
0.0,0.0,160.68711596305926,4.173871524406202
0.0,0.0,162.84441891824358,4.094376470103408
0.0,0.0,165.0017218734279,4.014881415800614
0.0,0.0,167.15902482861222,3.9353863614978213
0.0,0.0,169.31632778379654,3.8558913071950274
0.0,0.0,171.47363073898086,3.7763962528922335
0.0,0.0,173.63093369416518,3.6969011985894404
0.0,0.0,175.7882366493495,3.6174061442866465
0.0,0.0,177.94553960453382,3.5379110899838535
0.0,0.0,180.10284255971814,3.4584160356810596
0.0,0.0,182.26014551490246,3.3789209813782657
0.0,0.0,184.41744847008678,3.2994259270754727
0.0,0.0,186.5747514252711,3.2199308727726788
0.0,0.0,188.73205438045542,3.1404358184698857
0.0,0.0,190.88935733563974,3.060940764167092
0.0,0.0,193.04666029082406,2.981445709864298
0.0,0.0,195.20396324600839,2.901950655561505
0.0,0.0,197.3612662011927,2.822455601258711
0.0,0.0,199.51856915637703,2.742960546955918
0.0,0.0,201.67587211156135,2.663465492653124
0.0,0.0,203.83317506674567,2.58397043835033
0.0,0.0,205.99047802193,2.504475384047537
0.0,0.0,208.1477809771143,2.424980329744743
0.0,0.0,210.3050839322986,2.34548527544195
0.0,0.0,212.46238688748292,2.2659902211391563
0.0,0.0,214.61968984266724,2.1864951668363624
0.0,0.0,216.77699279785156,2.1070001125335693
1.0,0.0,41.44193813627072,68.62120876219029
1.0,0.0,41.44193813627072,68.62120876219029
1.0,0.0,40.81775356340306,69.50353068751048
1.0,0.0,40.206136371649166,70.39302801698659
1.0,0.0,39.60711309145867,71.28957260320857
1.0,0.0,39.02070194450121,72.19305164611754
1.0,0.0,38.446930593819076,73.10334117547575
1.0,0.0,37.8858109173767,74.02034590866592
1.0,0.0,37.33736606176599,74.94395717614043
1.0,0.0,36.80161225965844,75.8740825416452
1.0,0.0,36.27856332076024,76.81063993955681
1.0,0.0,35.76823337462898,77.75355387012863
1.0,0.0,35.27064194130382,78.70274629343648
1.0,0.0,34.78580308982423,79.65815756900285
1.0,0.0,34.31373282524538,80.61973396540992
1.0,0.0,33.854457468877,81.58741034766746
1.0,0.0,33.40798981357844,82.56116070425978
1.0,0.0,32.97435946552788,83.54093517620402
1.0,0.0,32.55358556089918,84.5267202808128
1.0,0.0,32.14570626263033,85.5184725043049
1.0,0.0,31.75074773966203,86.51619186790862
1.0,0.0,31.415536226383324,87.3947530955402
1.0,0.0,31.089393001444435,88.28035586946146
1.0,0.0,30.772502719671948,89.17283953207807
1.0,0.0,30.465038895774143,90.07206071916274
1.0,0.0,30.167180279618933,90.97784663317555
1.0,0.0,29.8791027507948,91.89001560984553
1.0,0.0,29.600974944323383,92.8083905470133
1.0,0.0,29.332964892854974,93.73277713846161
1.0,0.0,29.07523608991535,94.66297495987155
1.0,0.0,28.827950328912067,95.5987656001555
1.0,0.0,28.591262143835294,96.53993133880653
1.0,0.0,28.365319574679376,97.48625275396006
1.0,0.0,28.15027020133512,98.4374814903342
1.0,0.0,27.9462490493261,99.39339055654261
1.0,0.0,27.753389750691085,100.3537246519166
1.0,0.0,27.57181883103725,101.31822254486251
1.0,0.0,27.401653225526218,102.2866303529831
1.0,0.0,27.243003978541978,103.25868173029501
1.0,0.0,27.095975558338253,104.23409806172772
1.0,0.0,26.96066325810014,105.21260322781804
1.0,0.0,26.837153465493273,106.19392354778101
1.0,0.0,26.725526030112974,107.17776802927305
1.0,0.0,26.625851335745878,108.16384886374709
1.0,0.0,26.538191645364833,109.15186850820805
1.0,0.0,26.46259849485341,110.14154927407218
1.0,0.0,26.399116930103332,111.13258236475042
1.0,0.0,26.347781261625727,112.12468013008684
1.0,0.0,26.308617624312802,113.11753959706051
1.0,0.0,26.281642439012373,114.11087247342536
1.0,0.0,26.266863590449105,115.10437634794592
1.0,0.0,26.26427965516021,116.09775729469189
1.0,0.0,26.273880439394617,117.09073061952434
1.0,0.0,26.295646713120448,118.08299136705757
1.0,0.0,26.3295507834291,119.07425968561084
1.0,0.0,26.37555609365836,120.06424437492085
1.0,0.0,26.43361889465166,121.0526798733141
1.0,0.0,26.503685876943166,122.03927570870702
1.0,0.0,26.58569652052479,123.02376042396888
1.0,0.0,26.679582872436313,124.00586848509874
1.0,0.0,26.785270560602726,124.98534655698887
1.0,0.0,26.902676973759483,125.9619337420585
1.0,0.0,27.031712504215363,126.93537448383479
1.0,0.0,27.17228333194157,127.9054354033831
1.0,0.0,27.324291481394795,128.87189784077367
1.0,0.0,27.487625318561,129.83449920417016
1.0,0.0,27.662177508062356,130.7930433747919
1.0,0.0,27.847834295335815,131.74732730823587
1.0,0.0,28.044472178082728,132.6971279772214
1.0,0.0,28.25196943020589,133.6422594752759
1.0,0.0,28.47020171567347,134.5825453895805
1.0,0.0,28.69903515996738,135.5177893126127
1.0,0.0,28.938347614771345,136.44786078033627
1.0,0.0,29.18799765852326,137.37256845795298
1.0,0.0,29.447852851327,138.29177170257907
1.0,0.0,29.717780932782844,139.2053411634558
1.0,0.0,29.997644925148975,140.11314133333616
1.0,0.0,30.28731258532831,141.01506100294756
1.0,0.0,30.586648235292856,141.9109850486289
1.0,0.0,30.895521957161222,142.8008215075551
1.0,0.0,31.213800894362393,143.6844740764287
1.0,0.0,31.541354440884305,144.5618568312973
1.0,0.0,31.878059416302264,145.43290595131242
1.0,0.0,32.29245206516525,146.46590352455476
1.0,0.0,32.72023363288419,147.4912838073958
1.0,0.0,33.16130904388231,148.5090226018039
1.0,0.0,33.61557668536305,149.5190683450962
1.0,0.0,34.08294226036881,150.52137599757535
1.0,0.0,34.563322786516665,151.51591404089226
1.0,0.0,35.056617168002916,152.50260426674456
1.0,0.0,35.5627533498936,153.48141897042066
1.0,0.0,36.081634803284715,154.45227432147053
1.0,0.0,36.61318760204442,155.41512292865684
1.0,0.0,37.15732974763867,156.36989518714938
1.0,0.0,37.71397733959111,157.3165128187042
1.0,0.0,37.71397733959111,157.3165128187042
1.0,0.0,37.71397733959111,157.3165128187042
1.0,0.0,37.71397733959111,157.3165128187042
1.0,0.0,37.71397733959111,157.3165128187042
1.0,0.0,37.71397733959111,157.3165128187042
1.0,0.0,38.15665412117933,158.04893881179572
1.0,0.0,38.606858893054536,158.77633962133982
1.0,0.0,39.06455900245005,159.49868259081052
1.0,0.0,39.52971784209632,160.21592697974296
1.0,0.0,40.00230573538367,160.92804104196858
1.0,0.0,40.48227435278989,161.6349637266129
1.0,0.0,40.969602188830976,162.3366726279124
1.0,0.0,41.464253719639885,163.03312287184295
1.0,0.0,41.96619319902527,163.72426826678173
1.0,0.0,42.475375940367655,164.41004979949395
1.0,0.0,42.99177543419225,165.09043233153625
1.0,0.0,43.5153535492452,165.76536403732263
1.0,0.0,44.046064095726315,166.43478256295677
1.0,0.0,44.58388696879054,167.09865782214806
1.0,0.0,45.128782399502555,167.75693390201755
1.0,0.0,45.68069634108473,168.4095379936461
1.0,0.0,46.239603979032864,169.0564319868471
1.0,0.0,46.805466485632856,169.69756038517755
1.0,0.0,47.37823156658279,170.3328526466541
1.0,0.0,47.95786032893699,170.96225360789228
1.0,0.0,48.54432310339955,171.58571751577006
1.0,0.0,49.13756047212074,172.20316688065395
1.0,0.0,49.737536736098306,172.814549641994
1.0,0.0,50.3442114483896,173.41980847052992
1.0,0.0,50.957523882664674,174.0188662657325
1.0,0.0,51.57743888182783,174.61167158832384
1.0,0.0,52.20389903416818,175.19815173268577
1.0,0.0,52.836863095974934,175.77824975519573
1.0,0.0,53.47626914631068,176.35189015472145
1.0,0.0,54.12206584158451,176.91900796466697
1.0,0.0,54.77421363826257,177.47954873951198
1.0,0.0,55.43263894994918,178.0334292964847
1.0,0.0,56.09729176468077,178.58058767332477
1.0,0.0,56.76811778192384,179.1209587571354
1.0,0.0,57.445059510138286,179.6544754820286
1.0,0.0,58.12804256443247,180.18105861250115
1.0,0.0,58.817016216009634,180.7006483529321
1.0,0.0,59.511913307416705,181.21317307707383
1.0,0.0,60.21267009535177,181.71856478770766
1.0,0.0,60.9192141575228,182.21675035128152
1.0,0.0,61.63148373396155,182.70766530976425
1.0,0.0,62.349405567619954,183.19123823014365
1.0,0.0,63.072905863735585,183.6673986735563
1.0,0.0,63.801919947778735,184.13608330924708
1.0,0.0,64.53636428077628,184.5972178101925
1.0,0.0,65.27617373389975,185.05074077994442
1.0,0.0,66.0212635138226,185.4965798321661
1.0,0.0,66.77155444219619,185.93466754768218
1.0,0.0,67.52697260138116,186.3649408068953
1.0,0.0,68.2874292785832,186.78732936440238
1.0,0.0,69.052847694044,187.2017711192101
1.0,0.0,69.82314303182835,187.6082008289269
1.0,0.0,70.59822291083928,188.00655085043505
1.0,0.0,71.37801888486312,188.3967671462775
1.0,0.0,72.16241747553141,188.77877449799013
1.0,0.0,72.9513477942289,189.1525203842347
1.0,0.0,73.74471855296724,189.51794351034536
1.0,0.0,74.54243166301804,189.87498110120603
1.0,0.0,75.34439405572212,190.22357434998452
1.0,0.0,76.1505238349741,190.5636705994173
1.0,0.0,76.96071364962253,190.89520783132843
1.0,0.0,77.77487280821754,191.21813266767828
1.0,0.0,78.59290408551956,191.53239051151576
1.0,0.0,79.41471631592283,191.83793051537617
1.0,0.0,80.24019200804436,192.13469372223489
1.0,0.0,81.06926239794413,192.422640240619
1.0,0.0,81.90180133620362,192.70171131767384
1.0,0.0,82.73772201611746,192.97186344583338
1.0,0.0,83.57691599333714,193.2330473449
1.0,0.0,84.41929276948886,193.48522083215843
1.0,0.0,85.26473105911793,193.72833399859536
1.0,0.0,86.11315379331789,193.962351233196
1.0,0.0,86.96443563057669,194.18722471068128
1.0,0.0,87.81849111724986,194.40291892530422
1.0,0.0,88.67520157464926,194.60939114988435
1.0,0.0,89.53447043740235,194.80660570535133
1.0,0.0,90.3961971189981,194.99452711259016
1.0,0.0,91.26027281340856,195.17311945403048
1.0,0.0,92.12658977340041,195.3423485748914
1.0,0.0,92.995051272521,195.5021837743369
1.0,0.0,93.86555574163597,195.65259450962552
1.0,0.0,94.7379886751368,195.79354938569196
1.0,0.0,95.61225617855274,195.92502171498055
1.0,0.0,96.48824657745254,196.046983214745
1.0,0.0,97.36586391313963,196.15940908357862
1.0,0.0,98.24499543269097,196.26227348631556
1.0,0.0,99.12554965645543,196.35555428968087
1.0,0.0,100.00742093023356,196.4392287016301
1.0,0.0,100.89050254885338,196.51327506731224
1.0,0.0,101.77470050580853,196.57767383722668
1.0,0.0,102.6599118413063,196.63240563442972
1.0,0.0,103.54603060282763,196.6774520039571
1.0,0.0,104.43296475222618,196.71279614484314
1.0,0.0,105.32061513462875,196.73842164177802
1.0,0.0,106.20888314739588,196.7543129389269
1.0,0.0,107.09766383269123,196.76045528791397
1.0,0.0,107.98686824052672,196.7568348713852
1.0,0.0,108.87640006676727,196.74343839250997
1.0,0.0,109.76616466208314,196.72025318326615
1.0,0.0,110.65605910365363,196.68726752463078
1.0,0.0,111.54600608902663,196.64446927436086
1.0,0.0,112.4358964619196,196.59184815745584
1.0,0.0,113.32564723935155,196.52939311985818
1.0,0.0,114.2151678423425,196.45709379971453
1.0,0.0,115.10435777373105,196.3749411622107
1.0,0.0,115.99314631835195,196.28292370729213
1.0,0.0,116.88143416304706,196.18103281571388
1.0,0.0,117.76912979676338,196.06925954493107
1.0,0.0,118.65615841315737,195.94759290610526
1.0,0.0,119.54242331166488,195.8160248522903
1.0,0.0,120.42785074516986,195.67454407689087
1.0,0.0,121.31234117048548,195.5231433123779
1.0,0.0,122.19582182963191,195.36181087792113
1.0,0.0,123.07821831470501,195.19053480496206
1.0,0.0,123.95943109337556,195.00930786525157
1.0,0.0,124.8393944039662,194.81811586198512
1.0,0.0,125.71801309346631,194.61695046550685
1.0,0.0,126.59522271995448,194.40579608143963
1.0,0.0,127.47093704702033,194.18464157684207
1.0,0.0,128.34507796224733,193.95347344237769
1.0,0.0,129.21755651576845,193.71228062536323
1.0,0.0,130.08832138218906,193.46104086655913
1.0,0.0,130.9572741336577,193.19974436104098
1.0,0.0,131.8243484911606,192.92837129193924
1.0,0.0,132.68945856584818,192.64690696251716
1.0,0.0,133.5525381965182,192.35532941997934
1.0,0.0,134.41351144034988,192.05361868396545
1.0,0.0,135.2722886195818,191.74175875390677
1.0,0.0,136.12880803326786,191.4197224708594
1.0,0.0,136.98298024156577,191.08749167030072
1.0,0.0,137.83473763248037,190.7450386526421
1.0,0.0,138.68401492706818,190.39233288781674
1.0,0.0,139.53071124456335,190.0293572711734
1.0,0.0,140.37476279911326,189.65607778618138
1.0,0.0,141.21609780714238,189.27246175107723
1.0,0.0,142.054619273549,188.87848645077008
1.0,0.0,142.8902611747817,188.47411320401335
1.0,0.0,143.72294988505544,188.0593045425035
1.0,0.0,144.55258597017104,187.63403406825682
1.0,0.0,145.37909357294922,187.19826179624596
1.0,0.0,146.20239584226232,186.75194578098
1.0,0.0,147.02240826166684,186.29504578506658
1.0,0.0,147.83903307983644,185.8275269160859
1.0,0.0,148.65218790029814,185.34934344490318
1.0,0.0,149.46179017748005,184.8604469059205
1.0,0.0,150.26773037869793,184.3608027493009
1.0,0.0,151.0699378340891,183.8503498874794
1.0,0.0,151.8683018352907,183.32904944253525
1.0,0.0,152.66272142421454,182.79685408211486
1.0,0.0,153.45310027119476,182.25371052996084
1.0,0.0,154.2393421953109,181.6995620974696
1.0,0.0,155.0213278695029,181.13436542650265
1.0,0.0,155.79895937835775,180.5580588773442
1.0,0.0,156.57211525523934,179.97059483785148
1.0,0.0,157.34069299289735,179.37190810538718
1.0,0.0,158.10455468963477,178.76195765428557
1.0,0.0,158.86360544431395,178.1406648376884
1.0,0.0,159.61769322630778,177.50799369942808
1.0,0.0,160.366698163205,176.86387877186178
1.0,0.0,161.11048685986643,176.20826206495107
1.0,0.0,161.8489131900247,175.5410933667163
1.0,0.0,162.58185257919783,174.86229910225487
1.0,0.0,163.30914172227403,174.17183731720257
1.0,0.0,164.03063030705448,173.46965078794747
1.0,0.0,164.74617816604413,172.75566787530465
1.0,0.0,165.45560096127224,172.02985694843653
1.0,0.0,166.15874873049984,171.2921480867824
1.0,0.0,166.85543544908873,170.54250475181615
1.0,0.0,167.54549937584372,169.78086065588025
1.0,0.0,168.22875138063077,169.00717499702773
1.0,0.0,168.22875138063077,169.00717499702773
1.0,0.0,168.22875138063077,169.00717499702773
1.0,0.0,168.22875138063077,169.00717499702773
1.0,0.0,168.22875138063077,169.00717499702773
1.0,0.0,169.05516002883334,168.04413583839408
1.0,0.0,169.85759961479658,167.07897902819764
1.0,0.0,170.63632222626757,166.11241194175238
1.0,0.0,171.39163204461897,165.14507908423107
1.0,0.0,172.12385720968808,164.17759100416197
1.0,0.0,172.8333590669949,163.2105077875246
1.0,0.0,173.52052322186177,162.24434572647345
1.0,0.0,174.1857696849662,161.27955766197098
1.0,0.0,174.82951447758828,160.31658374701416
1.0,0.0,175.4522041640248,159.35579814277145
1.0,0.0,176.05429925593202,158.39752813311455
1.0,0.0,176.63625104254322,157.44208843021664
1.0,0.0,177.19855058203586,156.48969814165264
1.0,0.0,177.7416581347228,155.54059393336706
1.0,0.0,178.26605245807016,154.5949462197745
1.0,0.0,178.77220869489398,153.6528935887963
1.0,0.0,179.26059749998274,152.71454293326983
1.0,0.0,179.73169334974915,151.77995111028162
1.0,0.0,180.1859426933666,150.84918662042259
1.0,0.0,180.62381165480676,149.9222326362244
1.0,0.0,181.04573611836503,148.9990870876888
1.0,0.0,181.45215015428784,148.07970362239192
1.0,0.0,181.84347347800272,147.1640172933379
1.0,0.0,182.22012199807585,146.25191890817933
1.0,0.0,182.5824830136413,145.34331395238274
1.0,0.0,182.93094073668004,144.4380613804483
1.0,0.0,183.26586428435814,143.5360012587447
1.0,0.0,183.58760330935522,142.63696708314836
1.0,0.0,183.89649499021607,141.74076722196853
1.0,0.0,184.19285285588407,140.84721754561622
1.0,0.0,184.47698780656907,139.95607892216086
1.0,0.0,184.74918036045952,139.0671412631574
1.0,0.0,185.00970296314836,138.1801553823646
1.0,0.0,185.25880659157949,137.29487582080804
1.0,0.0,185.4967251241804,136.41104802501528
1.0,0.0,185.72367792906442,135.52839862429596
1.0,0.0,185.93986500259928,134.64665373246794
1.0,0.0,186.14547121805583,133.76552273700432
1.0,0.0,186.34065653131378,132.88474161489864
1.0,0.0,186.525573937805,132.00399491262087
1.0,0.0,186.70034988211484,131.12300416750543
1.0,0.0,186.86509502639848,130.24148233537414
1.0,0.0,187.01990984053475,129.35909982865522
1.0,0.0,187.1648676406054,128.47557806259076
1.0,0.0,187.30002999770306,127.59060596254723
1.0,0.0,187.4254376089146,126.70389497784467
1.0,0.0,187.54111780890918,125.81513007824921
1.0,0.0,187.64707705007953,124.9240237996074
1.0,0.0,187.74330555760196,124.03028631842777
1.0,0.0,187.82977856561212,123.13361046516805
1.0,0.0,187.9064513558762,122.23372140469436
1.0,0.0,187.97326393629493,121.33033368612534
1.0,0.0,188.03013886269457,120.42317696767192
1.0,0.0,188.0769829307138,119.51197433969622
1.0,0.0,188.11368570184374,118.59646882323037
1.0,0.0,188.14012064596125,117.6764129283868
1.0,0.0,188.15614557621694,116.75155516674282
1.0,0.0,188.16160211585338,115.82167581278046
1.0,0.0,188.15631671105115,114.88654494762044
1.0,0.0,188.14010037687675,113.94595287486524
1.0,0.0,188.11274974563574,112.99971807640594
1.0,0.0,188.074046660403,112.04765221749781
1.0,0.0,188.02375945514393,111.08959679962376
1.0,0.0,187.96164283967164,110.12540332694083
1.0,0.0,187.8874393755636,109.15495017783302
1.0,0.0,187.80087895583142,108.17812565382532
1.0,0.0,187.70168008628326,107.19483955747361
1.0,0.0,187.58897644958247,106.20022041121155
1.0,0.0,187.46487682987646,105.21384052690705
1.0,0.0,187.32958280292812,104.2353553314118
1.0,0.0,187.18327441073941,103.26442746584132
1.0,0.0,187.02610443357256,102.30068800312552
1.0,0.0,186.8582034566665,101.34377327875323
1.0,0.0,186.67968019849764,100.39332350062753
1.0,0.0,186.49061712181708,99.44895930222755
1.0,0.0,186.29107598164128,98.51031195298762
1.0,0.0,186.08109306817414,97.57699955168655
1.0,0.0,185.86068154719268,96.6486398849408
1.0,0.0,185.62983612833543,95.72486888582732
1.0,0.0,185.3885241266358,94.80530352531075
1.0,0.0,185.13669416696305,93.88957757994314
1.0,0.0,184.8742710105392,92.97732122981826
1.0,0.0,184.6011570912193,92.06816779085001
1.0,0.0,184.31723810840543,91.1617717501588
1.0,0.0,184.02236931519883,90.25776476265105
1.0,0.0,183.71639564496127,89.35581963627567
1.0,0.0,183.39913504690412,88.45559803483427
1.0,0.0,183.0703891540927,87.55678285512147
1.0,0.0,182.7299333267511,86.65905064836204
1.0,0.0,182.37753296834063,85.76211555317771
1.0,0.0,182.0129244687656,84.86567913699241
1.0,0.0,181.63582798092125,83.96946457486348
1.0,0.0,181.24595199912022,83.0732259736528
1.0,0.0,180.84298063101616,82.17671812861359
1.0,0.0,180.42658265223702,81.27971820317887
1.0,0.0,179.9964077241658,80.38201726468253
1.0,0.0,179.55209479119338,79.48343773104402
1.0,0.0,179.0932619750442,78.58381208883068
1.0,0.0,178.61951269388692,77.68299585806098
1.0,0.0,178.13044245064955,76.78087967331817
1.0,0.0,177.62563205894924,75.87737541398744
1.0,0.0,177.10465068765302,74.97242157145664
1.0,0.0,176.567050187636,74.0659733160731
1.0,0.0,176.01238333835386,73.15803295578905
1.0,0.0,175.44019335483756,72.24863026904052
1.0,0.0,174.85001726231837,71.33782719636297
1.0,0.0,174.24138485474995,70.425715262398
1.0,0.0,173.61382736274993,69.51242738260402
1.0,0.0,173.61382736274993,69.51242738260402
1.0,0.0,173.61382736274993,69.51242738260402
1.0,0.0,173.61382736274993,69.51242738260402
1.0,0.0,173.61382736274993,69.51242738260402
1.0,0.0,173.61382736274993,69.51242738260402
1.0,0.0,173.02980338717657,68.68589599404149
1.0,0.0,172.43575317709445,67.86708636796575
1.0,0.0,171.83192491558435,67.0563048837412
1.0,0.0,171.21855233732114,66.25381680558179
1.0,0.0,170.59587252558194,65.45987284218359
1.0,0.0,169.96411197342044,64.67469295876445
1.0,0.0,169.32348836080558,63.898471454015294
1.0,0.0,168.67420987961737,63.131378569221496
1.0,0.0,168.01646461842705,62.37355067213878
1.0,0.0,167.35044838606044,61.62512467197382
1.0,0.0,166.67631861714025,60.88618755117635
1.0,0.0,165.99423579869176,60.15682568744094
1.0,0.0,165.30434092070394,59.43710139194655
1.0,0.0,164.60674536338277,58.72704535387147
1.0,0.0,163.90156152842195,58.02669032888105
1.0,0.0,163.18886443165113,57.336034094319125
1.0,0.0,162.4687196702075,56.65506977156812
1.0,0.0,161.7411659265878,55.98377061636453
1.0,0.0,161.0062177237805,55.32209509893396
1.0,0.0,160.26388659695596,54.67000744022261
1.0,0.0,159.5141325072698,54.027436283090296
1.0,0.0,158.75690725892537,53.3943154100688
1.0,0.0,157.99212379328793,52.77055919027009
1.0,0.0,157.2196986884762,52.1560992200788
1.0,0.0,156.43948488208582,51.550831732250344
1.0,0.0,155.76882733645388,51.04258596608854
1.0,0.0,155.09336466053338,50.54166338598077
1.0,0.0,154.41308165394335,50.048033801150694
1.0,0.0,153.7279568902909,49.56166763870792
1.0,0.0,153.03796683437784,49.08253904885565
1.0,0.0,152.34308775541427,48.61062715162733
1.0,0.0,151.64330775070428,48.14592376068798
1.0,0.0,150.9386035830792,47.68841747303294
1.0,0.0,150.2289418291659,47.238095081312395
1.0,0.0,149.51432078822293,46.79496785058028
1.0,0.0,148.79470822879117,46.35903184531149
1.0,0.0,148.07008619299071,45.93029618701918
1.0,0.0,147.34044222954708,45.50877693696647
1.0,0.0,146.6057606957716,45.09449178363626
1.0,0.0,145.86601107434623,44.68745383785715
1.0,0.0,145.1211996050217,44.287699929562464
1.0,0.0,144.37131493748308,43.895259998213135
1.0,0.0,143.61632956260183,43.51015894811415
1.0,0.0,142.8562469191254,43.132440764542324
1.0,0.0,142.0910578754276,42.762145675168014
1.0,0.0,141.32075536005118,42.399317741866
1.0,0.0,140.5453453703136,42.04400968136167
1.0,0.0,139.76481617271293,41.69626849598103
1.0,0.0,138.97918014299918,41.356154440042886
1.0,0.0,138.188438826897,41.02372503529327
1.0,0.0,137.39261193099253,40.69904740513165
1.0,0.0,136.59168377464488,40.38217631009594
1.0,0.0,135.78570313363568,40.073194005654585
1.0,0.0,134.974660258403,39.77216142668725
1.0,0.0,134.15858611362722,39.47915681061785
1.0,0.0,133.33750214479358,39.194256135424624
1.0,0.0,132.5114332779234,38.917538010504714
1.0,0.0,131.68043625732386,38.64909249546396
1.0,0.0,130.84450283365138,38.38898970750827
1.0,0.0,130.00370999674817,38.13732780372601
1.0,0.0,129.15808534171666,37.89419007888171
1.0,0.0,128.30768602100056,37.65966924582024
1.0,0.0,127.45254043082335,37.43385070281968
1.0,0.0,126.59272922187458,37.21683425095341
1.0,0.0,125.72829526553878,37.008709961040864
1.0,0.0,124.85930778810429,36.80957476421031
1.0,0.0,123.98583973611002,36.619526198729474
1.0,0.0,123.10796074832554,36.43866086087486
1.0,0.0,122.22575457631827,36.267077957704274
1.0,0.0,121.3392934639644,36.104874028572155
1.0,0.0,120.44867573910516,35.9521499137923
1.0,0.0,119.55398379586654,35.80900285157645
1.0,0.0,118.65532633737698,35.67553350281193
1.0,0.0,117.75278767160604,35.551837861918216
1.0,0.0,116.84649365837868,35.43801663882003
1.0,0.0,115.93653720486657,35.33416487989838
1.0,0.0,115.02304703287287,35.240380601449345
1.0,0.0,114.106141549266,35.15675887223206
1.0,0.0,113.18595115138221,35.083394132676574
1.0,0.0,112.26259559742314,35.02037816862034
1.0,0.0,111.33621522259,34.967802390155796
1.0,0.0,110.4069549965929,34.925756092967774
1.0,0.0,109.4749565464315,34.89432603972752
1.0,0.0,108.54036641683001,34.87359685820461
1.0,0.0,107.60333550627591,34.863650822806676
1.0,0.0,106.6640346355661,34.86456756303613
1.0,0.0,105.7226158021649,34.87642368215127
1.0,0.0,104.77925850968329,34.89929251801523
1.0,0.0,103.83411536859528,34.93324486708751
1.0,0.0,102.88737378574834,34.97834731046663
1.0,0.0,101.93920994230247,35.03466322659992
1.0,0.0,100.98980338226247,35.10225237062602
1.0,0.0,100.03935322052297,35.181169275714154
1.0,0.0,99.08803016156367,35.271466966323814
1.0,0.0,98.13604001466618,35.373191516414295
1.0,0.0,97.18357596334651,35.48638593713895
1.0,0.0,96.23084074445542,35.611087917278994
1.0,0.0,95.27802640796239,35.7473322792066
1.0,0.0,94.32534077914217,35.895147372119226
1.0,0.0,93.37299556311346,36.05455618050942
1.0,0.0,92.4211957016835,36.22557805994654
1.0,0.0,91.47014861766311,36.40822731308046
1.0,0.0,90.52007013828654,36.60251177572874
1.0,0.0,89.57117144588189,36.808435185349325
1.0,0.0,88.62366424349295,37.02599622602446
1.0,0.0,87.67777508986248,37.25518489874973
1.0,0.0,86.7337087451833,37.49599111587787
1.0,0.0,85.7916797813354,37.748397376258495
1.0,0.0,84.8519083737898,38.01237929193658
1.0,0.0,83.91461653134432,38.287906293278155
1.0,0.0,82.98001545657301,38.5749453997647
1.0,0.0,82.04831903684422,38.87345744391257
1.0,0.0,81.1197452411256,39.183396335439554
1.0,0.0,80.19449917832364,39.504714692257295
1.0,0.0,79.27280211293308,39.837353945153424
1.0,0.0,78.35486458823873,40.18125338011434
1.0,0.0,77.44088901328169,40.53634973515038
1.0,0.0,76.53108911810111,40.902569681016715
1.0,0.0,75.62565890784904,41.279842051771354
1.0,0.0,74.72481145023059,41.66808211779079
1.0,0.0,73.82874213795883,42.06720670275217
1.0,0.0,72.93764648833962,42.47712699172915
1.0,0.0,72.05171255485797,42.897752027282124
1.0,0.0,71.17113760233676,43.32898081254183
1.0,0.0,70.29610910007445,43.77071118646181
1.0,0.0,69.42680141110097,44.222842130752284
1.0,0.0,68.56340379461224,44.68525938484356
1.0,0.0,67.70608474112774,45.15785403686108
1.0,0.0,66.85501594013071,45.640510177832596
1.0,0.0,66.0103620970495,46.13311047268063
1.0,0.0,65.17229121377889,46.63553027334916
1.0,0.0,64.34095188487763,47.14765130903331
1.0,0.0,63.51651084827426,47.66933901084727
1.0,0.0,62.69910543357576,48.20047206271927
1.0,0.0,61.88888172816956,48.740918903343896
1.0,0.0,61.08598261660068,49.29054504357626
1.0,0.0,60.29054074833553,49.849218114136036
1.0,0.0,59.502684762197205,50.416804007187665
1.0,0.0,58.72253957938029,50.993166791764764
1.0,0.0,57.95022468864529,51.57817013790064
1.0,0.0,57.18585472258581,52.17167713782751
1.0,0.0,56.4295416928396,52.77354873319393
1.0,0.0,55.68139104004846,53.38364698954691
1.0,0.0,54.94149549408447,54.00184069849107
1.0,0.0,54.20996216013605,54.627982975004855
1.0,0.0,53.48687199109891,55.26194549173434
1.0,0.0,52.772316115148925,55.90358797772955
1.0,0.0,52.06637485959386,56.55277642647992
1.0,0.0,51.36912387547083,57.20937820437125
1.0,0.0,50.680634571823695,57.873261930455925
1.0,0.0,50.00097786503341,58.54429400101523
1.0,0.0,49.330218449336606,59.22234428947968
1.0,0.0,48.668412975393736,59.90728857842309
1.0,0.0,48.01561627709869,60.599002669801244
1.0,0.0,47.37188473873324,61.2973587349731
1.0,0.0,46.73726353754586,62.00223926058292
1.0,0.0,46.1117963470052,62.71352717200293
1.0,0.0,45.495524873247305,63.43110643174032
1.0,0.0,44.88849179266977,64.15485861714839
1.0,0.0,44.29072498908625,64.88468210155798
1.0,0.0,43.702257013461285,65.62046946323593
1.0,0.0,43.1231198781539,66.36211345308186
1.0,0.0,42.553338395874306,67.10951581481262
1.0,0.0,41.99293946952655,67.86257570852176
1.0,0.0,41.44193813627072,68.62120876219029
1.0,0.0,41.44193813627072,68.62120876219029
1.0,0.0,41.44193813627072,68.62120876219029
2.0,0.0,41.94200134277344,68.9800033569336
2.0,0.0,42.9640007019043,70.03099822998047
2.0,0.0,43.49531555175781,70.63907623291016
2.0,0.0,44.03857421875,71.21105194091797
2.0,0.0,44.593299865722656,71.7484130859375
2.0,0.0,45.159034729003906,72.25262451171875
2.0,0.0,45.735313415527344,72.72515869140625
2.0,0.0,46.32167053222656,73.16749572753906
2.0,0.0,46.917640686035156,73.58110046386719
2.0,0.0,47.52275466918945,73.96744537353516
2.0,0.0,48.13655471801758,74.32801055908203
2.0,0.0,48.75857162475586,74.66426086425781
2.0,0.0,49.388343811035156,74.97767639160156
2.0,0.0,50.0254020690918,75.26972961425781
2.0,0.0,50.669281005859375,75.54188537597656
2.0,0.0,51.31951904296875,75.79562377929688
2.0,0.0,51.975650787353516,76.03241729736328
2.0,0.0,52.637210845947266,76.25373840332031
2.0,0.0,53.303733825683594,76.4610595703125
2.0,0.0,53.974754333496094,76.65585327148438
2.0,0.0,54.64980697631836,76.83959197998047
2.0,0.0,55.328426361083984,77.01374816894531
2.0,0.0,56.01015090942383,77.17980194091797
2.0,0.0,56.69451141357422,77.3392105102539
2.0,0.0,57.381046295166016,77.49346160888672
2.0,0.0,58.06929016113281,77.64402770996094
2.0,0.0,58.75877380371094,77.79237365722656
2.0,0.0,59.449039459228516,77.93997192382812
2.0,0.0,60.13961410522461,78.08830261230469
2.0,0.0,60.830039978027344,78.23883819580078
2.0,0.0,61.51984786987305,78.3930435180664
2.0,0.0,62.20857238769531,78.55239868164062
2.0,0.0,62.895748138427734,78.71837615966797
2.0,0.0,63.58091735839844,78.89244842529297
2.0,0.0,64.26360321044922,79.07608032226562
2.0,0.0,64.94335174560547,79.27075958251953
2.0,0.0,65.61969757080078,79.47795104980469
2.0,0.0,66.29216003417969,79.69912719726562
2.0,0.0,66.96029663085938,79.93576049804688
2.0,0.0,67.62362670898438,80.18932342529297
2.0,0.0,68.28168487548828,80.46129608154297
2.0,0.0,68.93402099609375,80.75314331054688
2.0,0.0,69.58015441894531,81.06634521484375
2.0,0.0,70.2196273803711,81.4023666381836
2.0,0.0,70.85197448730469,81.76268005371094
2.0,0.0,71.47672271728516,82.14876556396484
2.0,0.0,72.09342193603516,82.56209564208984
2.0,0.0,72.70159912109375,83.00414276123047
2.0,0.0,73.30078887939453,83.47637176513672
2.0,0.0,73.89051818847656,83.98026275634766
2.0,0.0,74.47034454345703,84.51728820800781
2.0,0.0,75.03977966308594,85.08892059326172
2.0,0.0,75.59837341308594,85.69664001464844
2.0,0.0,76.1456527709961,86.34190368652344
2.0,0.0,76.68115234375,87.02619171142578
2.0,0.0,77.20441436767578,87.75098419189453
2.0,0.0,77.7149658203125,88.51774597167969
2.0,0.0,78.21234893798828,89.32794952392578
2.0,0.0,78.69609832763672,90.18307495117188
2.0,0.0,79.16574096679688,91.08458709716797
2.0,0.0,79.62081909179688,92.03396606445312
2.0,0.0,80.06085968017578,93.03267669677734
2.0,0.0,80.48541259765625,94.08219909667969
2.0,0.0,80.89399719238281,95.18399810791016
2.0,0.0,81.16403198242188,95.99793243408203
2.0,0.0,81.4085922241211,96.843505859375
2.0,0.0,81.62828826904297,97.71890258789062
2.0,0.0,81.82373046875,98.622314453125
2.0,0.0,81.99553680419922,99.55191802978516
2.0,0.0,82.14431762695312,100.50591278076172
2.0,0.0,82.27069091796875,101.48248291015625
2.0,0.0,82.37525177001953,102.47981262207031
2.0,0.0,82.45862579345703,103.49608612060547
2.0,0.0,82.52143096923828,104.52950286865234
2.0,0.0,82.56426239013672,105.57823944091797
2.0,0.0,82.58773803710938,106.64048767089844
2.0,0.0,82.59247589111328,107.71443176269531
2.0,0.0,82.57908630371094,108.79826354980469
2.0,0.0,82.54817199707031,109.89017486572266
2.0,0.0,82.50035858154297,110.98833465576172
2.0,0.0,82.43624877929688,112.09095001220703
2.0,0.0,82.35646057128906,113.19620513916016
2.0,0.0,82.2615966796875,114.30227661132812
2.0,0.0,82.15228271484375,115.40735626220703
2.0,0.0,82.02912139892578,116.5096435546875
2.0,0.0,81.8927230834961,117.60730743408203
2.0,0.0,81.74370574951172,118.69854736328125
2.0,0.0,81.58267974853516,119.78154754638672
2.0,0.0,81.41026306152344,120.8544921875
2.0,0.0,81.22705078125,121.91557312011719
2.0,0.0,81.0336685180664,122.96298217773438
2.0,0.0,80.83072662353516,123.9948959350586
2.0,0.0,80.61883544921875,125.00950622558594
2.0,0.0,80.39861297607422,126.0050048828125
2.0,0.0,80.17066192626953,126.97957611083984
2.0,0.0,79.93559265136719,127.93140411376953
2.0,0.0,79.69403076171875,128.85867309570312
2.0,0.0,79.44657135009766,129.75958251953125
2.0,0.0,79.19384002685547,130.63232421875
2.0,0.0,78.93644714355469,131.47506713867188
2.0,0.0,78.67500305175781,132.28599548339844
2.0,0.0,78.29295349121094,133.39259338378906
2.0,0.0,77.89744567871094,134.44873046875
2.0,0.0,77.48876953125,135.4557647705078
2.0,0.0,77.06719970703125,136.41497802734375
2.0,0.0,76.63301849365234,137.3277130126953
2.0,0.0,76.18649291992188,138.19528198242188
2.0,0.0,75.72791290283203,139.0189971923828
2.0,0.0,75.25755310058594,139.8001708984375
2.0,0.0,74.77569580078125,140.54013061523438
2.0,0.0,74.28260803222656,141.24017333984375
2.0,0.0,73.7785873413086,141.90164184570312
2.0,0.0,73.26390075683594,142.52584838867188
2.0,0.0,72.73882293701172,143.11410522460938
2.0,0.0,72.20364379882812,143.667724609375
2.0,0.0,71.65863800048828,144.1880340576172
2.0,0.0,71.10408020019531,144.67633056640625
2.0,0.0,70.5402603149414,145.1339569091797
2.0,0.0,69.96744537353516,145.5622100830078
2.0,0.0,69.38591766357422,145.96243286132812
2.0,0.0,68.79595184326172,146.33590698242188
2.0,0.0,68.19783782958984,146.68397521972656
2.0,0.0,67.59185028076172,147.00794982910156
2.0,0.0,66.97826385498047,147.30914306640625
2.0,0.0,66.35736083984375,147.58888244628906
2.0,0.0,65.72941589355469,147.8484649658203
2.0,0.0,65.09471130371094,148.0892333984375
2.0,0.0,64.45352935791016,148.31248474121094
2.0,0.0,63.8061408996582,148.51954650878906
2.0,0.0,63.15283203125,148.71173095703125
2.0,0.0,62.49387741088867,148.89035034179688
2.0,0.0,61.82955551147461,149.05674743652344
2.0,0.0,61.16014862060547,149.2122039794922
2.0,0.0,60.48593521118164,149.35806274414062
2.0,0.0,59.80718994140625,149.49562072753906
2.0,0.0,59.12419509887695,149.626220703125
2.0,0.0,58.43722915649414,149.75115966796875
2.0,0.0,57.7465705871582,149.8717498779297
2.0,0.0,57.052494049072266,149.9893341064453
2.0,0.0,56.355289459228516,150.10520935058594
2.0,0.0,55.65522384643555,150.220703125
2.0,0.0,54.95258331298828,150.3371124267578
2.0,0.0,54.247642517089844,150.45578002929688
2.0,0.0,53.54068374633789,150.57801818847656
2.0,0.0,52.83198165893555,150.7051239013672
2.0,0.0,52.121822357177734,150.83843994140625
2.0,0.0,51.41047668457031,150.97926330566406
2.0,0.0,50.69822692871094,151.12893676757812
2.0,0.0,49.9853515625,151.2887420654297
2.0,0.0,49.27212905883789,151.4600372314453
2.0,0.0,48.558841705322266,151.64410400390625
2.0,0.0,47.84576416015625,151.84226989746094
2.0,0.0,47.133174896240234,152.0558624267578
2.0,0.0,46.421356201171875,152.2861785888672
2.0,0.0,45.71058654785156,152.53456115722656
2.0,0.0,45.00114059448242,152.80230712890625
2.0,0.0,44.29330062866211,153.0907440185547
2.0,0.0,43.587345123291016,153.4011993408203
2.0,0.0,42.8835563659668,153.73495483398438
2.0,0.0,42.18220520019531,154.09336853027344
2.0,0.0,41.48357391357422,154.4777374267578
2.0,0.0,40.78794479370117,154.88937377929688
2.0,0.0,40.09559631347656,155.32958984375
2.0,0.0,39.40679931640625,155.7997283935547
2.0,0.0,38.72184371948242,156.3011016845703
2.0,0.0,38.04100036621094,156.8350067138672
2.0,0.0,36.89100000000001,157.80800000000002
2.0,0.0,36.89099884033203,157.80799865722656
2.0,0.0,36.89099884033203,157.80799865722656
3.0,0.0,176.5,67.5
3.0,0.0,176.5,67.5
3.0,0.0,176.5,67.5
3.0,0.0,175.87384033203125,68.24020385742188
3.0,0.0,175.23876953125,68.93986511230469
3.0,0.0,174.59494018554688,69.60014343261719
3.0,0.0,173.9425506591797,70.22219848632812
3.0,0.0,173.28176879882812,70.80719757080078
3.0,0.0,172.61276245117188,71.35629272460938
3.0,0.0,171.93572998046875,71.87065124511719
3.0,0.0,171.25082397460938,72.35143280029297
3.0,0.0,170.55824279785156,72.79979705810547
3.0,0.0,169.858154296875,73.21691131591797
3.0,0.0,169.15072631835938,73.60392761230469
3.0,0.0,168.4361572265625,73.9620132446289
3.0,0.0,167.714599609375,74.29232788085938
3.0,0.0,166.98623657226562,74.59603118896484
3.0,0.0,166.2512664794922,74.8742904663086
3.0,0.0,165.5098419189453,75.12825775146484
3.0,0.0,164.76214599609375,75.35910034179688
3.0,0.0,164.00836181640625,75.56798553466797
3.0,0.0,163.2486572265625,75.75605773925781
3.0,0.0,162.48321533203125,75.92449188232422
3.0,0.0,161.7122039794922,76.0744400024414
3.0,0.0,160.93582153320312,76.20707702636719
3.0,0.0,160.1542205810547,76.32354736328125
3.0,0.0,159.36758422851562,76.42501831054688
3.0,0.0,158.5760955810547,76.51265716552734
3.0,0.0,157.77992248535156,76.5876235961914
3.0,0.0,156.97926330566406,76.65106964111328
3.0,0.0,156.1742706298828,76.70417022705078
3.0,0.0,155.36512756347656,76.74807739257812
3.0,0.0,154.55201721191406,76.78395080566406
3.0,0.0,153.735107421875,76.81295013427734
3.0,0.0,152.91458129882812,76.83625030517578
3.0,0.0,152.0906219482422,76.8550033569336
3.0,0.0,151.26339721679688,76.870361328125
3.0,0.0,150.43309020996094,76.88350677490234
3.0,0.0,149.599853515625,76.89558410644531
3.0,0.0,148.76390075683594,76.90775299072266
3.0,0.0,147.92538452148438,76.92118835449219
3.0,0.0,147.08448791503906,76.93704223632812
3.0,0.0,146.24139404296875,76.95648193359375
3.0,0.0,145.39627075195312,76.98065948486328
3.0,0.0,144.54930114746094,77.0107421875
3.0,0.0,143.70065307617188,77.04788208007812
3.0,0.0,142.85052490234375,77.09326171875
3.0,0.0,141.99905395507812,77.14801788330078
3.0,0.0,141.14645385742188,77.21333312988281
3.0,0.0,140.2928924560547,77.29035186767578
3.0,0.0,139.43853759765625,77.38024139404297
3.0,0.0,138.5835723876953,77.48416137695312
3.0,0.0,137.72817993164062,77.60327911376953
3.0,0.0,136.87252807617188,77.73875427246094
3.0,0.0,136.01678466796875,77.89173889160156
3.0,0.0,135.16114807128906,78.06340026855469
3.0,0.0,134.30577087402344,78.2549057006836
3.0,0.0,133.4508514404297,78.4674072265625
3.0,0.0,132.5965576171875,78.70207214355469
3.0,0.0,131.74307250976562,78.96005249023438
3.0,0.0,130.89056396484375,79.24252319335938
3.0,0.0,130.03921508789062,79.5506362915039
3.0,0.0,129.18919372558594,79.88555145263672
3.0,0.0,128.34068298339844,80.2484359741211
3.0,0.0,127.49386596679688,80.64044952392578
3.0,0.0,126.64891052246094,81.06275177001953
3.0,0.0,125.80599975585938,81.5165023803711
3.0,0.0,124.96530151367188,82.00286102294922
3.0,0.0,124.12699890136719,82.52300262451172
3.0,0.0,123.28157806396484,83.0793228149414
3.0,0.0,122.45710754394531,83.64907836914062
3.0,0.0,121.65354919433594,84.23194885253906
3.0,0.0,120.87088012695312,84.82759857177734
3.0,0.0,120.10904693603516,85.43571472167969
3.0,0.0,119.36802673339844,86.05596160888672
3.0,0.0,118.64778137207031,86.68801879882812
3.0,0.0,117.94827270507812,87.33155822753906
3.0,0.0,117.26946258544922,87.98625946044922
3.0,0.0,116.61132049560547,88.65179443359375
3.0,0.0,115.97380828857422,89.32782745361328
3.0,0.0,115.35688781738281,90.01405334472656
3.0,0.0,114.76052856445312,90.71012878417969
3.0,0.0,114.1846923828125,91.41573333740234
3.0,0.0,113.62934875488281,92.13054656982422
3.0,0.0,113.09444427490234,92.85423278808594
3.0,0.0,112.57996368408203,93.58647918701172
3.0,0.0,112.08586120605469,94.32695007324219
3.0,0.0,111.61209869384766,95.07532501220703
3.0,0.0,111.15864562988281,95.8312759399414
3.0,0.0,110.72547149658203,96.59447479248047
3.0,0.0,110.3125228881836,97.36460876464844
3.0,0.0,109.91978454589844,98.1413345336914
3.0,0.0,109.54720306396484,98.9243392944336
3.0,0.0,109.19475555419922,99.71329498291016
3.0,0.0,108.8624038696289,100.50787353515625
3.0,0.0,108.55010223388672,101.30774688720703
3.0,0.0,108.25782775878906,102.11260223388672
3.0,0.0,107.98553466796875,102.9220962524414
3.0,0.0,107.73319244384766,103.73591613769531
3.0,0.0,107.50077056884766,104.55372619628906
3.0,0.0,107.28822326660156,105.37521362304688
3.0,0.0,107.09551239013672,106.20004272460938
3.0,0.0,106.92261505126953,107.02789306640625
3.0,0.0,106.76949310302734,107.85843658447266
3.0,0.0,106.63610076904297,108.69135284423828
3.0,0.0,106.52240753173828,109.52630615234375
3.0,0.0,106.42837524414062,110.36298370361328
3.0,0.0,106.35397338867188,111.2010498046875
3.0,0.0,106.29916381835938,112.04017639160156
3.0,0.0,106.263916015625,112.88005065917969
3.0,0.0,106.24818420410156,113.7203369140625
3.0,0.0,106.25193786621094,114.56071472167969
3.0,0.0,106.27513885498047,115.40086364746094
3.0,0.0,106.31775665283203,116.24044036865234
3.0,0.0,106.37974548339844,117.07913970947266
3.0,0.0,106.4610824584961,117.91661834716797
3.0,0.0,106.56172180175781,118.7525634765625
3.0,0.0,106.68163299560547,119.5866470336914
3.0,0.0,106.8207778930664,120.41854095458984
3.0,0.0,106.97911834716797,121.24791717529297
3.0,0.0,107.15662384033203,122.07445526123047
3.0,0.0,107.35325622558594,122.8978271484375
3.0,0.0,107.56898498535156,123.71770477294922
3.0,0.0,107.80376434326172,124.53377532958984
3.0,0.0,108.05756378173828,125.34569549560547
3.0,0.0,108.3303451538086,126.15315246582031
3.0,0.0,108.62207794189453,126.95581817626953
3.0,0.0,108.9327163696289,127.75335693359375
3.0,0.0,109.26223754882812,128.5454559326172
3.0,0.0,109.610595703125,129.331787109375
3.0,0.0,109.9777603149414,130.11203002929688
3.0,0.0,110.36369323730469,130.88583374023438
3.0,0.0,110.76835632324219,131.6529083251953
3.0,0.0,111.19171905517578,132.41290283203125
3.0,0.0,111.63375091552734,133.16549682617188
3.0,0.0,112.09439849853516,133.91036987304688
3.0,0.0,112.57363891601562,134.64720153808594
3.0,0.0,113.0714340209961,135.3756561279297
3.0,0.0,113.58775329589844,136.0954132080078
3.0,0.0,114.12254333496094,136.80613708496094
3.0,0.0,114.67578887939453,137.50750732421875
3.0,0.0,115.24744415283203,138.19921875
3.0,0.0,115.83747100830078,138.88092041015625
3.0,0.0,116.44584655761719,139.5522918701172
3.0,0.0,117.07251739501953,140.2130126953125
3.0,0.0,117.71746063232422,140.8627471923828
3.0,0.0,118.38063049316406,141.50119018554688
3.0,0.0,119.06199645996094,142.1280059814453
3.0,0.0,119.76802062988281,142.74285888671875
3.0,0.0,120.48812103271484,143.3314666748047
3.0,0.0,121.22174072265625,143.89486694335938
3.0,0.0,121.96830749511719,144.43409729003906
3.0,0.0,122.72726440429688,144.9502410888672
3.0,0.0,123.498046875,145.44430541992188
3.0,0.0,124.28007507324219,145.91737365722656
3.0,0.0,125.07280731201172,146.37049865722656
3.0,0.0,125.87566375732422,146.80470275878906
3.0,0.0,126.68807983398438,147.22105407714844
3.0,0.0,127.5094985961914,147.62060546875
3.0,0.0,128.33935546875,148.00440979003906
3.0,0.0,129.17706298828125,148.37350463867188
3.0,0.0,130.0220947265625,148.7289581298828
3.0,0.0,130.8738555908203,149.07180786132812
3.0,0.0,131.7318115234375,149.40310668945312
3.0,0.0,132.59535217285156,149.72390747070312
3.0,0.0,133.46395874023438,150.03526306152344
3.0,0.0,134.3370361328125,150.3382110595703
3.0,0.0,135.2140350341797,150.6338348388672
3.0,0.0,136.09439086914062,150.9231414794922
3.0,0.0,136.97752380371094,151.20721435546875
3.0,0.0,137.86288452148438,151.48709106445312
3.0,0.0,138.74990844726562,151.76382446289062
3.0,0.0,139.6380157470703,152.03846740722656
3.0,0.0,140.5266571044922,152.31207275390625
3.0,0.0,141.41526794433594,152.58567810058594
3.0,0.0,142.30328369140625,152.8603515625
3.0,0.0,143.19012451171875,153.1371307373047
3.0,0.0,144.0752410888672,153.4170684814453
3.0,0.0,144.9580535888672,153.7012176513672
3.0,0.0,145.83802795410156,153.99063110351562
3.0,0.0,146.71456909179688,154.28636169433594
3.0,0.0,147.5871124267578,154.58946228027344
3.0,0.0,148.45510864257812,154.90097045898438
3.0,0.0,149.3179931640625,155.22193908691406
3.0,0.0,150.17520141601562,155.55343627929688
3.0,0.0,151.02615356445312,155.89649963378906
3.0,0.0,151.87030029296875,156.25216674804688
3.0,0.0,152.70706176757812,156.62152099609375
3.0,0.0,153.535888671875,157.00558471679688
3.0,0.0,154.35621643066406,157.40542602539062
3.0,0.0,155.16746520996094,157.82208251953125
3.0,0.0,155.96908569335938,158.25660705566406
3.0,0.0,156.76051330566406,158.71006774902344
3.0,0.0,157.54116821289062,159.18348693847656
3.0,0.0,158.3105010986328,159.6779327392578
3.0,0.0,159.06793212890625,160.1944580078125
3.0,0.0,159.8129119873047,160.73411560058594
3.0,0.0,160.5448760986328,161.29794311523438
3.0,0.0,161.26324462890625,161.88699340820312
3.0,0.0,161.96746826171875,162.50233459472656
3.0,0.0,162.65696716308594,163.14498901367188
3.0,0.0,163.33119201660156,163.81602478027344
3.0,0.0,163.9895782470703,164.51649475097656
3.0,0.0,164.6315460205078,165.24745178222656
3.0,0.0,165.2565460205078,166.0099334716797
3.0,0.0,165.86399841308594,166.80499267578125
3.0,0.0,166.5,167.50099999999998
3.0,0.0,166.5,167.5
